{
  "properties": {
    "connectionReferences": {},
    "definition": {
      "$schema": "https://schema.management.azure.com/providers/Microsoft.Logic/schemas/2016-06-01/workflowdefinition.json#",
      "contentVersion": "1.0.0.0",
      "parameters": {
        "$authentication": {
          "defaultValue": {},
          "type": "SecureObject"
        },
        "eSignatureTenantID (maboej_eSignatureTenantID)": {
          "defaultValue": "18f459d7-049e-4645-8567-d0c65eeef42e",
          "type": "String",
          "metadata": {
            "schemaName": "maboej_eSignatureTenantID"
          }
        },
        "eSignatureClientID (maboej_eSignatureClientID)": {
          "defaultValue": "23f97599-2ed4-4514-82f7-2a7958de68cf",
          "type": "String",
          "metadata": {
            "schemaName": "maboej_eSignatureClientID"
          }
        },
        "eSignatureClientSecret (maboej_eSignatureClientSecret)": {
          "defaultValue": "8Rr7Q~bFM93d3pYesOXI5U9K-lShrLY98L5zm",
          "type": "String",
          "metadata": {
            "schemaName": "maboej_eSignatureClientSecret"
          }
        },
        "eSignaturePowerAppsIDRedirect (maboej_eSignaturePowerAppsIDRedirect)": {
          "defaultValue": "dd61f7e2-44b8-4ac4-acbe-f15b4767c0ec",
          "type": "String",
          "metadata": {
            "schemaName": "maboej_eSignaturePowerAppsIDRedirect"
          }
        }
      },
      "triggers": {
        "manual": {
          "metadata": {
            "operationMetadataId": "a1c9ba78-4313-402a-9ddb-f029194aa346"
          },
          "type": "Request",
          "kind": "PowerApp",
          "inputs": {
            "schema": {
              "type": "object",
              "properties": {
                "TokenCode_Inputs": {
                  "type": "any",
                  "description": "Inputs",
                  "x-ms-powerflows-param-ispartial": false
                }
              },
              "required": [
                "TokenCode_Inputs"
              ]
            }
          }
        }
      },
      "actions": {
        "Token_Code_from_PowerApps": {
          "runAfter": {},
          "metadata": {
            "operationMetadataId": "8f5cce9d-c9be-4fcc-a9da-fddf67315a1b"
          },
          "type": "Compose",
          "inputs": "@triggerBody()['TokenCode_Inputs']"
        },
        "HTTP_-_Get_access_token_using_the_Token_Code": {
          "runAfter": {
            "Token_Code_from_PowerApps": [
              "Succeeded"
            ]
          },
          "metadata": {
            "operationMetadataId": "bb327135-057d-4e8a-8cda-9a380a977c59"
          },
          "type": "Http",
          "inputs": {
            "method": "POST",
            "uri": "https://login.microsoftonline.com/@{parameters('eSignatureTenantID (maboej_eSignatureTenantID)')}/oauth2/token",
            "headers": {
              "Content-Type": "application/x-www-form-urlencoded"
            },
            "body": "grant_type=authorization_code&redirect_uri=https://apps.powerapps.com/play/@{parameters('eSignaturePowerAppsIDRedirect (maboej_eSignaturePowerAppsIDRedirect)')}&client_id=@{parameters('eSignatureClientID (maboej_eSignatureClientID)')}&client_secret=@{parameters('eSignatureClientSecret (maboej_eSignatureClientSecret)')}&responce_type=token&scope=user.read&code=@{triggerBody()['TokenCode_Inputs']}"
          }
        },
        "HTTP_-_Get_user_info": {
          "runAfter": {
            "HTTP_-_Get_access_token_using_the_Token_Code": [
              "Succeeded"
            ]
          },
          "metadata": {
            "operationMetadataId": "af9db7ee-468e-48a2-a602-447f8cfa2b98"
          },
          "type": "Http",
          "inputs": {
            "method": "GET",
            "uri": "https://graph.microsoft.com/v1.0/me",
            "headers": {
              "Authorization": "Bearer @{body('HTTP_-_Get_access_token_using_the_Token_Code')['access_token']}"
            }
          }
        },
        "Respond_to_a_PowerApp_or_flow": {
          "runAfter": {
            "HTTP_-_Get_user_info": [
              "Succeeded"
            ]
          },
          "metadata": {
            "operationMetadataId": "f27d856d-79d6-4e88-b1bf-9823d937b89f"
          },
          "type": "Response",
          "kind": "PowerApp",
          "inputs": {
            "statusCode": 200,
            "body": {
              "signinusermail": "@{body('HTTP_-_Get_user_info')['mail']}"
            },
            "schema": {
              "type": "object",
              "properties": {
                "signinusermail": {
                  "title": "SignInUserMail",
                  "x-ms-dynamically-added": true,
                  "type": "string"
                }
              }
            }
          }
        }
      }
    }
  },
  "schemaVersion": "1.0.0.0"
}