{"properties":{"connectionReferences":{},"definition":{"$schema":"https://schema.management.azure.com/providers/Microsoft.Logic/schemas/2016-06-01/workflowdefinition.json#","contentVersion":"1.0.0.0","parameters":{"$authentication":{"defaultValue":{},"type":"SecureObject"}},"triggers":{"manual":{"metadata":{"operationMetadataId":"a1c9ba78-4313-402a-9ddb-f029194aa346"},"type":"Request","kind":"PowerApp","inputs":{"schema":{"type":"object","properties":{"TokenCode_Inputs":{"type":"any","description":"Inputs","x-ms-powerflows-param-ispartial":false}},"required":["TokenCode_Inputs"]}}}},"actions":{"TokenCode":{"runAfter":{},"metadata":{"operationMetadataId":"8f5cce9d-c9be-4fcc-a9da-fddf67315a1b"},"type":"Compose","inputs":"@triggerBody()['TokenCode_Inputs']"},"HTTP":{"runAfter":{"Initialize_variable-_RedirectURI-_CHNAGE_TO_YOUR_OWN_2":["Succeeded"]},"metadata":{"operationMetadataId":"bb327135-057d-4e8a-8cda-9a380a977c59"},"type":"Http","inputs":{"method":"POST","uri":"https://login.microsoftonline.com/@{variables('TenantID')}/oauth2/token","headers":{"Content-Type":"application/x-www-form-urlencoded"},"body":"grant_type=authorization_code&redirect_uri=@{variables('RedirectURI')}&client_id=@{variables('ClientID')}&client_secret=@{variables('ClientSecret')}&responce_type=token&scope=user.read&code=@{triggerBody()['TokenCode_Inputs']}"}},"Initialize_variable-_TenantID_-_CHNAGE_TO_YOUR_OWN":{"runAfter":{"TokenCode":["Succeeded"]},"metadata":{"operationMetadataId":"d2e30b81-9124-41a7-8c2d-8c8847a042be"},"type":"InitializeVariable","inputs":{"variables":[{"name":"TenantID","type":"string","value":"18f459d7-049e-4645-8567-d0c65eeef42e"}]}},"Initialize_variable-_ClientID_-_CHNAGE_TO_YOUR_OWN_":{"runAfter":{"Initialize_variable-_TenantID_-_CHNAGE_TO_YOUR_OWN":["Succeeded"]},"metadata":{"operationMetadataId":"372604ce-3646-4fe7-95b6-8b506848db2d"},"type":"InitializeVariable","inputs":{"variables":[{"name":"ClientID","type":"string","value":"23f97599-2ed4-4514-82f7-2a7958de68cf"}]}},"Initialize_variable-_ClientSecret_-_CHNAGE_TO_YOUR_OWN":{"runAfter":{"Initialize_variable-_ClientID_-_CHNAGE_TO_YOUR_OWN_":["Succeeded"]},"metadata":{"operationMetadataId":"950d01ae-6d9b-4e06-ae64-9892b88df799"},"type":"InitializeVariable","inputs":{"variables":[{"name":"ClientSecret","type":"string","value":"8Rr7Q~bFM93d3pYesOXI5U9K-lShrLY98L5zm"}]}},"Initialize_variable-_RedirectURI-_CHNAGE_TO_YOUR_OWN_2":{"runAfter":{"Initialize_variable-_ClientSecret_-_CHNAGE_TO_YOUR_OWN":["Succeeded"]},"metadata":{"operationMetadataId":"4332a947-8227-48a1-948f-124f2fbd84c8"},"type":"InitializeVariable","inputs":{"variables":[{"name":"RedirectURI","type":"string","value":"https://apps.powerapps.com/play/d4c83750-0ffa-4ec6-9a7d-9a1b296e18d5"}]}},"HTTP_2":{"runAfter":{"HTTP":["Succeeded"]},"metadata":{"operationMetadataId":"af9db7ee-468e-48a2-a602-447f8cfa2b98"},"type":"Http","inputs":{"method":"GET","uri":"https://graph.microsoft.com/v1.0/me","headers":{"Authorization":"Bearer @{body('HTTP')['access_token']}"}}},"Respond_to_a_PowerApp_or_flow":{"runAfter":{"HTTP_2":["Succeeded"]},"metadata":{"operationMetadataId":"f27d856d-79d6-4e88-b1bf-9823d937b89f"},"type":"Response","kind":"PowerApp","inputs":{"statusCode":200,"body":{"signinusermail":"@{body('HTTP_2')['mail']}"},"schema":{"type":"object","properties":{"signinusermail":{"title":"SignInUserMail","x-ms-dynamically-added":true,"type":"string"}}}}}}}},"schemaVersion":"1.0.0.0"}