<environmentvariabledefinition schemaname="maboej_eSignaturePowerAppsID">
  <description default="the app id from the settings">
    <label description="the app id from the settings" languagecode="1033" />
  </description>
  <displayname default="eSignaturePowerAppsID">
    <label description="eSignaturePowerAppsID" languagecode="1033" />
  </displayname>
  <introducedversion>1.0.0.1</introducedversion>
  <iscustomizable>1</iscustomizable>
  <isrequired>0</isrequired>
  <secretstore>0</secretstore>
  <type>100000000</type>
</environmentvariabledefinition>